subject_id,name,department_id
1,Mathematics,1
2,Science,2
3,English,3
4,Social Studies,4
5,Physical Education,5
6,Art,6
7,Technology,7
8,Spanish,8
9,Leadership,9
10,Reading,3
11,Homeroom,9
12,Digital Literacy,7
13,AP Calculus,1
14,Environmental Science,2
15,Robotics,7
16,Mandarin Chinese,8
17,Cybersecurity,7
18,Data Science,1
19,International Baccalaureate,9
20,Dual Enrollment Math,1
